{"cameraMode":{"drawMode":0,"name":"Shaded","section":"Shading Mode"},"sceneLighting":true,"audioPlay":false,"sceneViewState":{"showFog":false,"showMaterialUpdate":false,"showSkybox":false,"showFlares":false,"showImageEffects":false,"showParticleSystems":true},"in2DMode":false,"pivot":{"x":-0.9141988754272461,"y":-0.34606504440307619,"z":1.3826656341552735},"rotation":{"x":-0.11518248170614243,"y":0.8570073843002319,"z":-0.21819980442523957,"w":-0.4523938298225403},"size":10.0,"orthographic":false}